record_id,supplier_name,supplier_official_url,supplier_type,product_name,product_url,page_type,is_valid_product_detail_url,category,sub_category,origin,grade,storage_type,processing_type,pack_size_value,pack_size_unit,order_unit,units_per_case,minimum_order_quantity,displayed_price,vat_included,shipping_fee,free_shipping_threshold,normalized_price_per_kg_or_ea,delivery_to_busan,delivery_verification_status,stock_status,login_required,business_member_only,public_api_found,partnership_url,captured_at,source_confidence,confidence_observations,memo
p001,푸드엔,https://www.fooden.com,식자재마트/온라인몰,호주산 우 삼겹 돌돌이 2kg,https://www.fooden.com/shop/detail.php?pno=6317bacd8c99935ccef4aaea4d19fd02,product_detail,True,육류,냉동 우삼겹,호주산,,냉동,슬라이스/돌돌이,2,kg,case,,,,,,,,True,inferred_not_confirmed,unknown,False,False,False,,2026-06-07,0.98,"[0.95, 0.98]",상품정보고시로 원산지와 냉동 보관 확인 가능. 상세 URL 확보 완료. 부산 배송은 공개 문맥 기반 추정이므로 재확인 필요.
p002,푸드엔,https://www.fooden.com,식자재마트/온라인몰,미국 우삼겹)우육_외♧냉동,https://m.fooden.com/shop/product_qna.php?rno=132&pno=2a3e66ceb920f8280d17f0af0744c704&cate=,product_qna,False,육류,냉동 우삼겹,미국산,,냉동,,,,,,,1390,,,,,True,inferred_not_confirmed,unknown,False,False,False,,2026-06-07,0.61,[0.61],"Q&A 페이지이므로 상품 상세 URL로는 부적합 가능성 있음. 표시가격 1,390원의 단위와 적용 조건도 불명확."
p003,푸드엔,https://www.fooden.com,식자재마트/온라인몰,운문산맑은샘쌀·20kg/유천미곡,https://m.fooden.com/shop/detail.php?pno=e796d399f63ed4ffb31a74b9d1180016,product_detail,True,쌀·채소·계란,업소용 쌀,,,,,20,kg,포,,,,,,,,True,inferred_not_confirmed,unknown,False,False,False,,2026-06-07,0.95,[0.95],20kg 상품 상세 URL 확인.
p004,푸드엔,https://www.fooden.com,식자재마트/온라인몰,신동진쌀·20kg/미풍라이스,https://m.fooden.com/shop/detail.php?pno=d58339dd389a20c0afd9b4eb71cf133b,product_detail,True,쌀·채소·계란,업소용 쌀,,,,,20,kg,포,,,,,,,,True,inferred_not_confirmed,unknown,False,False,False,,2026-06-07,0.92,[0.92],20kg 상품 상세 URL 확인.
p005,푸드엔,https://www.fooden.com,식자재마트/온라인몰,냉동 혼합야채(4종)·1kg(옥수수 외)/중국산,https://m.fooden.com/shop/detail.php?pno=d12574d1b28ea8f904895ebfa3e7c9d8,product_detail,True,쌀·채소·계란,냉동채소,중국산,,냉동,혼합,1,kg,봉,,,,,,,,True,inferred_not_confirmed,unknown,False,False,False,,2026-06-07,0.9,[0.9],냉동 채소 대체재. 여러 라운드에서 재확인됨.
p006,푸드엔,https://www.fooden.com,식자재마트/온라인몰,수입)씻은당근·10kg/중국산,https://m.fooden.com/shop/detail.php?pno=a8fdcc2f397c975df7d30e16a07d529b,product_detail,True,쌀·채소·계란,당근,중국산,,냉장,세척,10,kg,,,,,,,,,True,inferred_not_confirmed,unknown,False,False,False,,2026-06-07,,[],상품 상세 확인. 냉장 0~10℃로 기록됨.
p007,푸드엔,https://www.fooden.com,식자재마트/온라인몰,흙 대파·단/국내산,https://m.fooden.com/shop/recipe_view.php?no=38,recipe_page,False,쌀·채소·계란,대파,국내산,,,,,단,단,,,,,,,,True,inferred_not_confirmed,unknown,False,False,False,,2026-06-07,,[],레시피 페이지에서 가격 노출이 확인되었으나 개별 상품 상세 URL이 아님.
p008,푸드엔,https://www.fooden.com,식자재마트/온라인몰,튀긴마늘 슬라이스 500g,https://m.fooden.com/shop/detail.php?pno=973da498f7f16cdda7e22dc64653d4c8,product_detail,True,쌀·채소·계란,마늘,,,,튀김/슬라이스,500,g,,,,,,,,,True,inferred_not_confirmed,unknown,False,False,False,,2026-06-07,,[],기존 확보 재확인 항목.
p009,푸드엔,https://www.fooden.com,식자재마트/온라인몰,명인 구운계란 10구/한일이에프,https://m.fooden.com/shop/detail.php?pno=be25adffd74926391d987617991ccc7b,product_detail,True,쌀·채소·계란,계란,,,,구운계란,10,개,팩,10,,,,,,,True,inferred_not_confirmed,unknown,False,False,False,,2026-06-07,,[],계란류 상세 URL 1개 확보.
p010,푸드엔,https://www.fooden.com,식자재마트/온라인몰,순창 현미태양초찰고추장 1.7kg(+300g)/대상,https://www.fooden.com/shop/detail.php?pno=8a19b724cd302ab39cf019ed3d445b51,product_detail,True,소스·조미료,고추장,,,,,1.7,kg,,,,9900,,,,,True,inferred_not_confirmed,unknown,False,False,False,,2026-06-07,0.96,"[0.93, 0.96]","가격 스니펫 9,900원 확인. 증정 300g을 포함한 실제 총중량 기준 단가 계산은 상품 상세 재확인 필요."
p011,푸드엔,https://www.fooden.com,식자재마트/온라인몰,오쉐프 마요네스 3.2kg (봉)/오뚜기,https://www.fooden.com/shop/detail.php?pno=8154fbd95c58bf7705c695a4720ae362,product_detail,True,소스·조미료,마요네즈,,,,,3.2,kg,봉,,,11200,,,,,True,inferred_not_confirmed,unknown,False,False,False,,2026-06-07,0.94,[0.94],업소용 대용량 마요네즈.
p012,푸드엔,https://www.fooden.com,식자재마트/온라인몰,삼광 999) 생와사비 750g(굵은입자)/대력,https://m.fooden.com/shop/detail.php?pno=0370aa7027134c169089389cfce1a23a,product_detail,True,소스·조미료,향신료/와사비,,,,굵은입자,750,g,,,,,,,,,True,inferred_not_confirmed,unknown,False,False,False,,2026-06-07,,[],향신료 상세 URL 확보.
p013,푸드엔,https://www.fooden.com,식자재마트/온라인몰,파슬리후레이크 200g/이슬나라,https://m.fooden.com/shop/detail.php?pno=2f3e29ff988ca1543a2c798faef2bf99,product_detail,True,소스·조미료,향신료/파슬리,,,,후레이크,200,g,,,,,,,,,True,inferred_not_confirmed,unknown,False,False,False,,2026-06-07,,[],향신료 보강용.
p014,푸드엔,https://www.fooden.com,식자재마트/온라인몰,청정원 햇살담은 조림간장 1.7L+500ml,https://m.fooden.com/shop/recipe_view.php?no=38,recipe_page,False,소스·조미료,간장,,,,,,,,,,,,,,,True,inferred_not_confirmed,unknown,False,False,False,,2026-06-07,,[],레시피 페이지 가격 노출. 개별 상세 URL 아님.
p015,푸드엔,https://www.fooden.com,식자재마트/온라인몰,큐원 하얀설탕 3kg/삼양사,https://m.fooden.com/shop/recipe_view.php?no=38,recipe_page,False,소스·조미료,설탕,,,,,3,kg,,,,,,,,,True,inferred_not_confirmed,unknown,False,False,False,,2026-06-07,,[],레시피 페이지 가격 노출. 개별 상세 URL 아님.
p016,푸드엔,https://www.fooden.com,식자재마트/온라인몰,해표 식용유 1.8L/사조해표,https://m.fooden.com/shop/recipe_view.php?no=38,recipe_page,False,소스·조미료,식용유,,,,,1.8,L,,,,,,,,,True,inferred_not_confirmed,unknown,False,False,False,,2026-06-07,,[],레시피 페이지 가격 노출. 개별 상세 URL 아님.
p017,푸드엔,https://www.fooden.com,식자재마트/온라인몰,(손) 도시락봉투(치킨봉투) 흰색/100장/HDPE,https://www.fooden.com/shop/detail.php?pno=71eb05fb8b7ca2fc09e6ea494ba9e518,product_detail,True,포장재,배달/도시락 봉투,,,,HDPE,100,장,팩,100,,,,,,,True,inferred_not_confirmed,unknown,False,False,False,,2026-06-07,,[],봉투류 상세 URL 1개 확보.
p018,푸드엔,https://www.fooden.com,식자재마트/온라인몰,삼성 쿠킹호일(30cm*30HO)/삼성알미늄,https://m.fooden.com/shop/detail.php?pno=ad5db770d50e4af19a4074a5d5d528fa,product_detail,True,주방 소모품,쿠킹호일,,,,알루미늄 호일,,,,,,,,,,,True,inferred_not_confirmed,unknown,False,False,False,,2026-06-07,,[],호일 상세 URL 확보.
p019,코르소스,https://korsauce.com,온라인몰,위생장갑 대용량 200매 업소용 일회용 비닐장갑,https://korsauce.com/product/%EC%9C%84%EC%83%9D%EC%9E%A5%EA%B0%91-%EB%8C%80%EC%9A%A9%EB%9F%89-200%EB%A7%A4-%EC%97%85%EC%86%8C%EC%9A%A9-%EC%9D%BC%ED%9A%8C%EC%9A%A9-%EB%B9%84%EB%8B%90%EC%9E%A5%EA%B0%91/,product_detail,True,주방 소모품,위생장갑,,,,일회용 비닐장갑,200,매,팩,200,,,,,,,,not_checked,unknown,False,False,False,,2026-06-07,,[],업소용 소모품 상세페이지로 기록됨.
p020,nwkitchen,https://nwkitchen.kr,온라인 주방용품몰,크린랩 여러번 빨아쓰는 행주(23*30/25매) / 롤행주,https://nwkitchen.kr/product/%ED%81%AC%EB%A6%B0%EB%9E%A9-%EC%97%AC%EB%9F%AC%EB%B2%88-%EB%B9%A8%EC%95%84%EC%93%B0%EB%8A%94-%ED%96%89%EC%A3%BC-23-30-25%EB%A7%A4-%EB%A1%A4%ED%96%89%EC%A3%BC/,product_detail,True,주방 소모품,행주,,,,롤행주,25,매,롤,25,,,,,,,,not_checked,unknown,False,False,False,,2026-06-07,,[],행주/키친타월 계열.
p021,11번가,https://www.11st.co.kr,오픈마켓,와이프올 X80 푸드서비스 타올 50매 9카톤,https://www.11st.co.kr/products/1359588300,product_detail,True,주방 소모품,푸드서비스 타올,,,,,450,매,9카톤,450,,,,,,,,not_checked,unknown,False,False,False,,2026-06-07,,[],키친타월 대체 상품.
p022,푸드엔,https://www.fooden.com,식자재마트/온라인몰,이츠웰 실속키친타올 150매*4롤/CJ프레시웨이,https://m.fooden.com/shop/big_section.php?cno1=%EC%9E%94%EB%A6%AC...,category_page_truncated_url,False,주방 소모품,키친타월,,,,,600,매,4롤,600,,,,,,,True,inferred_not_confirmed,unknown,False,False,False,,2026-06-07,,[],카테고리 노출까지만 확인됨. URL이 말줄임으로 끝나므로 유효한 상세 URL이 아님.
p023,푸드엔,https://www.fooden.com,식자재마트/온라인몰,소각 야채맛 사각어묵 700g/환공어묵,https://www.fooden.com/shop/detail.php?pno=0b820d028ea6a7901d05bc9eeaf4b580,product_detail,True,가공식품,어묵,,,냉장,사각,0.7,kg,봉,,,,,,,,True,inferred_not_confirmed,unknown,False,False,False,,2026-06-07,0.9,[0.9],냉장 0~10℃ 표기. 고기덮밥 핵심 공급품은 아니나 퍼플렉시티 수집본에 포함되어 보존.
p024,푸드엔,https://www.fooden.com,식자재마트/온라인몰,야채상보·어묵 800g (야채맛튀김)/환공어묵,https://m.fooden.com/shop/detail.php?pno=45649c20641086b8311858af932583a1,product_detail,True,가공식품,어묵,,,냉장,튀김,0.8,kg,봉,,,,,,,,True,inferred_not_confirmed,unknown,False,False,False,,2026-06-07,0.88,[0.88],국/토핑 대체재. 고기덮밥 핵심 공급품은 아니나 수집본 보존.
p025,푸드엔,https://www.fooden.com,식자재마트/온라인몰,버팔로 윙 1kg (태국산·미들윙)/사세,https://www.fooden.com/shop/detail.php?pno=237cbd744f22a3b65e3e721146dfe44d,product_detail,True,육류,냉동 육가공,태국산,,냉동,양념육,1,kg,봉,,,,,,,,True,inferred_not_confirmed,unknown,False,False,False,,2026-06-07,0.72,[0.72],요청 범위 외 예시 상품이지만 퍼플렉시티 수집본에 포함되어 보존.
p026,푸드엔,https://www.fooden.com,식자재마트/온라인몰,그린쉘 김말이튀김 1kg/청우푸드,https://m.fooden.com/shop/detail.php?pno=f1fec255f530a75af982517581c1b216,product_detail,True,가공식품,튀김/간편식,,,,튀김,1,kg,봉,,,,,,,,True,inferred_not_confirmed,unknown,False,False,False,,2026-06-07,,[],참고용 상세 상품. 핵심 메뉴 범위 밖이지만 수집본 보존.
p027,푸드엔,https://www.fooden.com,식자재마트/온라인몰,미국산/호주산 후보 우삼겹 검색 결과,,search_result_only,False,육류,냉동 우삼겹 후보,미국산/호주산,,냉동,,,,,,,,,,,,True,inferred_not_confirmed,unknown,False,False,False,,2026-06-07,,[],검색 결과 기반 후보. 개별 상세 URL 추가 확보 필요.
p028,미확인,,미확인,일회용 식자재몰 포장재 후보,,candidate_only,False,포장재,포장재 후보,,,,,,,,,,,,,,,,not_checked,unknown,False,False,False,,2026-06-07,,[],카테고리/상세 URL 분리 필요.
p029,푸드엔,https://www.fooden.com,식자재마트/온라인몰,식자재몰 검색 결과 내 우삼겹/쌀/소스 후보,,search_result_only,False,복합,검색 후보,,,,,,,,,,,,,,,True,inferred_not_confirmed,unknown,False,False,False,,2026-06-07,,[],검색 결과만 확인되어 상세 URL 추가 수집 필요.
