year,industryMediumClassName,rankInIndustry,brandName,corpName,franchiseStoreCount,averageSalesAmountKrwAssumed,startupTotalAmountKrwAssumed,newFranchiseRegistrationCount,contractEndCount,contractCancellationCount
2025,한식,1,방가삼대 얼큰한뼈해장국,(주)방가삼대,11,41174356000,82000000,6,3,0
2025,한식,2,통큰손쭈꾸미마을,(주)하늘샘,8,5263188000,125450000,0,0,0
2025,한식,3,샤브올데이,(주)올데이프레쉬,49,3608627000,539440000,42,0,0
2025,한식,4,숙성도,(주)숙성도,9,3248291000,314000000,4,0,0
2025,한식,5,소플러스,(주)엔조이푸드시스템,39,2624065000,644500000,10,2,0
2025,한식,6,화사랑화로구이,(주)에프엘푸드시스템,4,2529737000,163950000,0,0,1
2025,한식,7,유박사곱창,에스에이㈜,1,2510702000,53300000,0,0,0
2025,한식,8,샤브20,(주)에스이컴퍼니,59,2477226000,500500000,28,0,0
2025,한식,9,자반고,(주)함평원,6,2267854000,200250000,3,1,0
2025,한식,10,삼해진미동해왕코다리,삼해진미동해왕코다리,1,2204420000,111200000,1,0,0
2025,한식,11,팔당족발,(주)피에프에프앤비,2,2204324000,127125000,2,0,0
2025,한식,12,먹보한우,(주)먹보에프앤비,10,2182588000,179690000,0,0,0
2025,한식,13,해장은 천수냉면,(주)천수에프앤비,33,2027822000,81100000,24,3,0
2025,한식,14,담가 화로구이,(주)담가,27,2010833000,283190000,27,0,0
2025,한식,15,철판한상by한와담,(주)엘아이지홈앤밀,1,1839775000,217700000,1,0,0
2025,한식,16,별미지교,다옴에프엠에스(주),5,1813828000,399374000,0,0,0
2025,한식,17,청기와타운,(주)제이에스와이푸드,31,1808186000,258000000,5,0,3
2025,한식,18,한와담,(주)엘아이지홈앤밀,5,1794717000,207100000,4,3,0
2025,한식,19,솔가숯불갈비,"(주)드림에프앤비(DreamF&BCo.,Ltd)",15,1717553000,166700000,4,0,0
2025,한식,20,샤브연리지,(주)늘봄에프엔씨,28,1711525000,223000000,19,1,0
2025,한식,21,해품장 팔팔장어,(주)진푸드빌,4,1707500000,324800000,0,0,0
2025,한식,22,갈비만,찰만식품,11,1682301000,283500000,1,0,0
2025,한식,23,한식의품격,깃든컴퍼니,10,1630000000,15410000,3,5,0
2025,한식,24,고반가든,(주)고반홀딩스,1,1594741000,356180000,0,0,0
2025,한식,25,우대포,(주)상상에프앤비,24,1581667000,127500000,24,0,0
2025,한식,26,장인닭갈비,(주)다이닝팩토리,17,1579494000,97940000,7,2,0
2025,한식,27,코다차야,(주)코다,4,1497807000,372480000,0,4,0
2025,한식,28,이백육십도,(주)해량,1,1477348000,176000000,0,0,0
2025,한식,29,해우리,(주)해우리홀딩스,9,1448292000,191300000,0,2,0
2025,한식,30,밤새먹소,(주)다자레코리아,10,1447260000,97950000,3,0,0
2025,커피,1,포레스트아웃팅스,포레스트아웃팅스,1,10933109000,3749000000,0,0,0
2025,커피,2,까사부사노,(주)문화의물결에프엔씨,2,1088261000,225600000,2,2,0
2025,커피,3,드립앤더치,연두커피인터내셔날(주),3,929032000,253430000,0,0,0
2025,커피,4,이너리트,(주)더빌드지아이앤,1,810000000,72360000,0,0,1
2025,커피,5,셀렉커피랩(SELECT),(주)셀렉코퍼레이션,5,802686000,76700000,4,0,0
2025,커피,6,9 BLOCK (나인블럭),(주)에스디인터내셔날,3,719042000,122200000,0,1,0
2025,커피,7,올선데이,㈜티피티(TPT),7,681495000,131500000,7,0,0
2025,커피,8,밀화당,(주)에스엠씨에프앤비,5,670037000,492800000,4,3,0
2025,커피,9, #커피플라잉스콘,㈜에스에스인터내셔널,4,628502000,250800000,3,0,0
2025,커피,10,카페달링,카페달링,20,588800000,36883000,8,0,0
2025,커피,11,투썸플레이스,투썸플레이스(주),1510,571726000,309800000,81,55,0
2025,커피,12,사운즈커피(SOUNDS COFFEE),㈜남다른생각,7,562356000,318400000,3,0,0
2025,커피,13,아덴플러스,와이제이와이푸드(주),3,558812000,387080000,0,0,0
2025,커피,14,씨이십칠(C27),㈜디앤지컴퍼니본,2,509036000,238800000,0,0,1
2025,커피,15,아토커피,(주)유엔유,15,504840000,33500000,5,0,0
2025,커피,16,하이테이블,(주)하이테이블,15,503527000,202065000,0,0,2
2025,커피,17,파라노이드,(주)에스엘투,2,503220000,162800000,1,0,1
2025,커피,18,스컹크웍스,(주)스컹크웍스코리아,3,474642000,341000000,1,2,1
2025,커피,19,카페데베르,(주)카페데베르,1,459262000,208000000,0,1,0
2025,커피,20,묵리459,묵리459,1,457297000,604000000,0,0,0
2025,커피,21,1리터셀(SELL)&디저트와플,1리터셀(SELL)&디저트와플,4,454155000,40500000,0,3,0
2025,커피,22,에이바우트커피,㈜메이크어베러(Makeabetter),53,445888000,309200000,6,1,3
2025,커피,23,PLUS 82(플러스 82),"(주)플러스82(PLUS82Co.,Ltd.)",146,423838000,85500000,42,12,3
2025,커피,24,온선데이커피,(주)엔피엔에프,1,421397000,110800000,0,0,0
2025,커피,25,이륜당,(주)이음에프앤비,17,420803000,60600000,3,4,0
2025,커피,26,지티(GT)커피,㈜효자동삼남매,5,414082000,119700000,2,0,0
2025,커피,27,유로스커피 로스터스,(주)유로스컴퍼니,4,405574000,167300000,1,1,0
2025,커피,28,르븨밀크,르븨밀크(LeveeMilk),1,404468000,97300000,0,0,0
2025,커피,29,파스쿠찌,(주)파리크라상,460,403244000,250300000,39,56,0
2025,커피,30,부바스,서컴퍼니,9,392916000,153800000,1,0,0
2025,일식,1,고메스퀘어,(주)고메코리아,14,6243713000,1643000000,13,0,0
2025,일식,2,쿠우쿠우,(주)쿠우쿠우,89,4807131000,1207000000,15,6,0
2025,일식,3,다이닝원,(주)다이닝원,15,3381659000,1159500000,0,1,0
2025,일식,4,상무초밥,(주)상무프랜차이즈,50,2449723000,264200000,0,0,0
2025,일식,5,"오,늘초밥",도원,3,1717764000,119018000,2,0,0
2025,일식,6,스시한판,(주)제이알에프앤씨,1,1691783000,110500000,0,0,1
2025,일식,7,탐나종합어시장,(주)골든밥코리아,38,1540025000,130900000,0,5,0
2025,일식,8,진스키야키,(주)진에프앤비,2,1479460000,154889000,1,0,0
2025,일식,9,스시이안앤,(주)스시이안,27,1302259000,202100000,17,0,1
2025,일식,10,스시신조,㈜신조에프앤에스,4,1244843000,198350000,1,0,0
2025,일식,11,으뜸스시,(주)으뜸에프엔비,9,1209445000,134750000,9,0,0
2025,일식,12,스시노칸도,(주)스시히로미,27,1138462000,182815000,3,2,2
2025,일식,13,회뜨는중,회뜨는중(영등포점),5,1135382000,179000000,3,0,0
2025,일식,14,스시투어,스시투어,12,1113858000,158750000,2,0,1
2025,일식,15,미카도스시,(주)올바른에프앤비,78,1065704000,170550000,19,10,0
2025,일식,16,토끼정,(주)에스앤에스코퍼레이션,10,1026767000,172800000,0,4,0
2025,일식,17,스시벅스,(주)한패,3,992455000,128200000,2,2,0
2025,일식,18,바른초밥,바른F&B,13,979543000,247200000,2,0,1
2025,일식,19,오사카고양이,오사카고양이(건대점),3,960108000,120500000,3,0,0
2025,일식,20,타키,(주)온기에프앤비,11,952541000,32000000,11,0,0
2025,일식,21,코코스키,(주)어다리,8,896779000,219646000,8,0,0
2025,일식,22,스시선 회전초밥 전문점,스시선가맹본부,12,884774000,194400000,2,1,0
2025,일식,23,멘노아지,뉴드림솔루션,2,854545000,131500000,2,0,0
2025,일식,24,카이카츠,(주)호진컴퍼니,2,841541000,142700000,1,0,0
2025,일식,25,풍바오,풍바오,8,803434000,86400000,8,0,0
2025,일식,26,わびさび(와비사비),동행푸드,7,794839000,63300000,7,0,0
2025,일식,27,삼동소바,(주)삼동에프앤비,78,781902000,159200000,35,0,0
2025,일식,28,시선,(주)위벨롭먼트,119,779920000,230550000,68,5,0
2025,일식,29,스시오블랙컨테이너,(주)제이알에프앤씨,4,757660000,147070000,0,0,2
2025,일식,30,온기정,(주)팬아시아다인힐,23,715744000,156050000,4,0,2
2025,기타 외식,1,바른식 시골보쌈&감자옹심이,(주)바른식,3,5018930000,147800000,0,1,0
2025,기타 외식,2,연타발,(주)행복한구이세상,7,2872029000,934750000,0,0,0
2025,기타 외식,3,두껍삼,(주)피큐아이넷,6,2246211000,84300000,0,0,0
2025,기타 외식,4,삼진어묵,삼진식품(주),4,1727051000,103500000,3,0,0
2025,기타 외식,5,우텐더,(주)우텐더코리아,3,1466667000,653100000,0,0,1
2025,기타 외식,6,황금소,(주)한창이앤피,2,1443221000,306600000,0,1,0
2025,기타 외식,7,야들야들한보약족발,(주)야들야들한보약족발,8,1440529000,108350000,3,0,0
2025,기타 외식,8,마장동골목집,(주)티아이코스모스,3,1397598000,289200000,3,0,0
2025,기타 외식,9,마루샤브,마루앤F/D,8,1370060000,415200000,0,2,0
2025,기타 외식,10,전원숯불,전원숯불갈비,22,1351889000,394000000,1,2,0
2025,기타 외식,11,청초수물회&섭국,(주)청초수씨푸드,6,1349336000,143600000,0,4,0
2025,기타 외식,12,고굽남 고기굽는남자,(주)엔제이컴퍼니,24,1317380000,176100000,3,0,0
2025,기타 외식,13,오장동흥남집,(주)오제이푸드,4,1276498000,124500000,1,1,0
2025,기타 외식,14,로니로티,(주)엘케이푸드글로벌,6,1227787000,329150000,0,2,0
2025,기타 외식,15,골치기,(주)어베럴밸류,1,1225902000,72700000,0,0,0
2025,기타 외식,16,소담촌,(주)웰빙코리아,108,1220796000,53060000,12,0,0
2025,기타 외식,17,봄담아,(주)봄담아,9,1189226000,255300000,9,1,0
2025,기타 외식,18,행복한우동가게,행복한우동가게체인사업본부,9,1185341000,82300000,3,0,0
2025,기타 외식,19,깐깐한족발,(주)깐깐한패밀리,29,1134764000,135650000,2,1,0
2025,기타 외식,20,신도세기,더에스지파트너스(주),5,1125310000,210639000,0,2,0
2025,기타 외식,21,무야호랜드,(주)피플블라썸,3,1120834000,91150000,3,0,0
2025,기타 외식,22,남부,(주)앰엔앰컴퍼니,3,1028360000,95000000,1,4,0
2025,기타 외식,23,귀한족발,(주)귀한사람들,148,999168000,91110000,59,0,8
2025,기타 외식,24,문가네 정육식당,(주)문가네푸드,8,987543000,117700000,0,0,1
2025,기타 외식,25,농장사람들,농장사람들(주),5,970568000,222400000,0,1,0
2025,기타 외식,26,미미옥,(주)로프컴퍼니,1,961527000,74300000,0,0,0
2025,기타 외식,27,엉터리생고기,(주)엉터리,15,959527000,111700000,0,5,0
2025,기타 외식,28,돈수백,(주)푸디안,8,950066000,131050000,1,5,0
2025,기타 외식,29,메이크어딜리버리,(주)메이크어딜리버리,44,950021000,33590000,7,4,0
2025,기타 외식,30,몽뜨레셰프 인더키친 패밀리레스토랑,(주)제이앤피몽뜨레,3,923709000,279900000,1,0,0
2025,패스트푸드,1,맥도날드,한국맥도날드(유),55,3072722000,1032256000,0,2,15
2025,패스트푸드,2,KFC(케이에프씨),(주)케이에프씨코리아,15,1617254000,616708000,15,0,0
2025,패스트푸드,3,버거킹(Burger King),(주)비케이알,132,1077698000,595605000,5,2,1
2025,패스트푸드,4,롯데리아,롯데지알에스(주),1209,935979000,418981000,51,9,24
2025,패스트푸드,5,바스버거(BAS BURGER),(주)테이스터스,17,694633000,98593000,17,0,0
2025,패스트푸드,6,계남버거,(주)니처스,3,586051000,85850000,3,0,0
2025,패스트푸드,7,노브랜드 버거(No Brand Burger),(주)신세계푸드,189,572357000,181470000,32,12,0
2025,패스트푸드,8,세븐패티버거,(주)오오티오,7,548357000,53600000,5,1,0
2025,패스트푸드,9,맘스터치,(주)맘스터치앤컴퍼니,1444,544997000,108961000,65,30,0
2025,패스트푸드,10,버거스올마이티,(주)올마이티컴퍼니,8,530779000,188200000,3,11,1
2025,패스트푸드,11,버거리(BURGERRY),(주)보승에프앤비,86,485991000,69850000,44,0,2
2025,패스트푸드,12,왓더버거,라이징스타(주),71,457795000,112720000,38,7,0
2025,패스트푸드,13,모스버거(MOSBURGER),(주)모스버거코리아,7,412856000,186180000,2,2,0
2025,패스트푸드,14,어바웃피자(aboutpizza),어바웃피자&비어,2,370809000,58900000,2,0,0
2025,패스트푸드,15,프랭크버거,(주)프랭크에프앤비,622,369071000,91355000,93,62,0
2025,패스트푸드,16,코코스타코,(주)모어베러라이프,6,366179000,70750000,3,0,0
2025,패스트푸드,17,피제리아 나인로드,(주)씨엠월드에프앤씨,3,353020000,452500000,0,1,0
2025,패스트푸드,18,기프트버거,기프트버거,4,335266000,75600000,3,1,0
2025,패스트푸드,19,더블다운버거,더블다운버거(수영본점),2,288854000,67550000,1,1,0
2025,패스트푸드,20,비스트로피자,(주)글로비,68,279567000,60970000,3,22,0
2025,패스트푸드,21,엘에이도그,엘에이도그&부리또,1,274020000,28000000,1,0,0
2025,패스트푸드,22,퀴즈노스서브,(주)유썸,66,271324000,159385000,3,19,0
2025,패스트푸드,23,힘난다버거,(주)힘난다,26,263127000,88100000,8,10,0
2025,패스트푸드,24,텐버거(TENBURGER),텐버거(주),5,262116000,75900000,1,1,0
2025,패스트푸드,25,라이크어시네마,라이크어시네마(주),2,257143000,115000000,1,0,2
2025,패스트푸드,26,키친박스,(주)더제이케이푸드스토리,6,251998000,116400000,0,0,3
2025,패스트푸드,27,버거베어,(주)씽크리에이티브,4,250753000,101800000,2,5,0
2025,패스트푸드,28,버거운버거(BURGER UN BURGER),(주)안스푸드,25,239638000,90945000,7,1,0
2025,패스트푸드,29,잇샌드(itsand),(주)안다에프엔비,23,236275000,69200000,5,1,0
2025,패스트푸드,30,밀플랜비,(주)웨이브,19,232147000,72300000,1,0,2
2025,주점,1,멕시타이거,(주)아지트메이커,1,2758362000,189800000,1,0,0
2025,주점,2,룸의정석,(주)한경기획,11,1912091000,367110000,1,2,0
2025,주점,3,미디어포차 뉴트로2010,(주)시선프랜차이즈,7,1908045000,97900000,5,3,0
2025,주점,4,사랑각,(주)사랑에프앤씨,11,1393230000,118168000,1,1,0
2025,주점,5,구현포차,(주)프로그로스,1,1261831000,198800000,0,1,0
2025,주점,6,임창정의 소주한잔,(주)곳간,2,1177247000,213810000,0,2,1
2025,주점,7,시장을 여는 사람들,(주)에이치더블,29,998125000,231000000,5,0,0
2025,주점,8,주도락,(주)고엘컴퍼니,3,942549000,120800000,3,0,0
2025,주점,9,잔잔,(주)바론에프엔씨,42,927693000,214000000,8,2,0
2025,주점,10,토리고야,토리고야패밀리(주),4,844218000,100100000,0,0,1
2025,주점,11,용용선생,(주)아지트메이커,111,840650000,350400000,5,6,0
2025,주점,12,단토리,농부의마음,18,817380000,98700000,16,0,0
2025,주점,13,하나마토,(주)로코모티브서울,15,816761000,16300000,15,0,0
2025,주점,14,합(合),(주)합에프앤비(합F&B),4,768972000,90450000,1,1,0
2025,주점,15,인생집,인생집청주복대지웰시티점,7,756795000,65100000,7,0,0
2025,주점,16,준코노래타운,(주)준코,60,748028000,344320000,7,0,1
2025,주점,17,몽담(MONGDAM),(주)대승인터컴,3,727044000,205400000,1,0,0
2025,주점,18,당나발포차 ,(주)당나발에프엔씨,7,725668000,91000000,7,0,0
2025,주점,19,선주가,(주)덩실덩실,12,722915000,107600000,10,0,0
2025,주점,20,생마차,(주)트렌차이즈,181,699731000,82940000,167,0,0
2025,주점,21,일일수작,(주)위너스에프앤디,64,698969000,114780000,15,11,0
2025,주점,22,도시맥주,(주)어세이블,7,687988000,75600000,6,0,0
2025,주점,23,링코(RINKO),(주)드링코코리아,30,666272000,566000000,3,2,1
2025,주점,24,민생시장,(주)상생히어로,3,662946000,113650000,4,1,0
2025,주점,25,마스타 하이볼,(주)랜돌프,10,657397000,116100000,10,0,0
2025,주점,26,압구정수산시장,(주)회춘,6,646972000,370200000,5,2,0
2025,주점,27,수지상회,수지앤컴퍼니(주),7,641587000,149700000,0,1,0
2025,주점,28,질러스타 노래타운(ZILLER STAR MUSIC TOWN),(주)세원바이오,7,638994000,319000000,5,0,0
2025,주점,29,손에손잡고,(주)바론에프엔씨,3,638521000,214000000,0,1,0
2025,주점,30,주신당 ,(주)티디티디,5,632681000,263500000,5,0,0
2025,피자,1,미친피자,(주)미친친구들,31,2496871000,74700000,6,0,0
2025,피자,2,큭큭피자,(주)씨피푸드,2,1452718000,58050000,2,0,0
2025,피자,3,예술피자,(주)예술피자,10,1090433000,106500000,10,0,0
2025,피자,4,노모어피자,(주)노모어에프앤비,174,1045639000,143730000,78,0,0
2025,피자,5,외계인피자,(주)에일리언푸드,19,1035644000,57550000,16,1,0
2025,피자,6,도미노피자,청오디피케이(주),373,730953000,252500000,4,0,0
2025,피자,7,서오릉피자,(주)서오릉에프앤비,64,713236000,94557000,2,0,1
2025,피자,8,김여주피자,김여주피자,1,694498000,58200000,0,0,0
2025,피자,9,핏제리아오,(주)희스토리푸드,8,655484000,140050000,2,0,0
2025,피자,10,탐나는피자,탐나코리아,47,645854000,87900000,30,0,0
2025,피자,11,번쩍피자,(주)번쩍코리아,58,636435000,62400000,14,0,6
2025,피자,12,잭슨피자,엘더블유지(주),42,607788000,169762000,3,1,1
2025,피자,13,상상피자,상상피자서면본점,2,586881000,39400000,1,1,0
2025,피자,14,파파존스피자,한국파파존스(주),250,579820000,219125000,14,3,0
2025,피자,15,치즈웨이브,(주)피스앤피스,5,550217000,62950000,0,0,0
2025,피자,16,에이셉피자,(주)에이셉랩,11,532216000,70900000,3,0,2
2025,피자,17,티엠티피자(TMT피자),(주)티엠티컴퍼니,15,521590000,55450000,12,4,0
2025,피자,18,이유피자&파스타(EU피자&파스타),디자인이유,4,516931000,179500000,2,0,0
2025,피자,19,리골레토시카고피자,(주)다이닝팩토리,3,498832000,100350000,0,4,0
2025,피자,20,위험한 피자,위험한피자,12,480896000,34300000,7,0,2
2025,피자,21,피자선생,피자선생가맹사업본부,17,470010000,77700000,1,0,6
2025,피자,22,피자헛,한국피자헛(유),260,445994000,190651000,3,25,15
2025,피자,23,언노운피자[UNKNOWN PIZZA],(주)언노운프렌즈,11,415447000,15860000,7,1,0
2025,피자,24,반올림피자,(주)피자앤컴퍼니,365,409280000,76500000,38,26,0
2025,피자,25,청년피자,(주)비에스비푸드,312,404502000,64845000,9,3,28
2025,피자,26,레코드피자,(주)알피케이컴퍼니,24,403836000,85850000,5,0,0
2025,피자,27,왕손피자,(주)왕손,35,396262000,44280000,6,8,0
2025,피자,28,피맥하우스,㈜오엠케이컴퍼니,14,386547000,85600000,0,0,5
2025,피자,29,빽보이피자,(주)더본코리아,243,378299000,66010000,49,8,0
2025,피자,30,피나치공,(주)리치빔,562,374266000,59650000,101,44,0
2025,중식,1,일일향,(주)에이치에스푸드컴퍼니,16,2377222000,297600000,3,3,0
2025,중식,2,무궁화반점,(주)한빛,7,2083317000,152700000,4,1,0
2025,중식,3,짬뽕지존,투맨홀딩스(주),89,1457708000,151250000,7,7,0
2025,중식,4,메이탄,성호푸드,9,1453557000,475440000,1,2,0
2025,중식,5,북경짜장,(주)다함컴퍼니,3,1320810000,145850000,0,0,0
2025,중식,6,뽕사부,(주)뽕사부컴퍼니,13,1237490000,228000000,1,0,1
2025,중식,7,중식명장 이송학,성호푸드,2,1226420000,788500000,0,0,0
2025,중식,8,매란방,(주)테이스티컴퍼니,7,1146803000,211800000,1,0,0
2025,중식,9,딤타오,딤타오,2,1138957000,312536000,1,1,0
2025,중식,10,불이아,더월드(theworld),7,1102485000,285500000,0,2,0
2025,중식,11,이가네양꼬치,이가네양꼬치,34,1090708000,108700000,6,0,2
2025,중식,12,보배반점,(주)보배에프앤비,198,1066159000,162105000,36,7,0
2025,중식,13,짬뽕관,(주)짬뽕관,62,1028550000,145700000,31,3,0
2025,중식,14,청,비컨홀딩스(주),2,933216000,251050000,0,1,0
2025,중식,15,중경식객,호원푸드(주),7,871279000,119350000,6,2,0
2025,중식,16,짬뽕타운,(주)대명코리아,6,868165000,98220000,0,0,0
2025,중식,17,쓰촨두보마라탕,주)돌우물,1,855058000,118300000,0,0,0
2025,중식,18,라라드래곤반점,인아푸드,4,782967000,87800000,4,0,0
2025,중식,19,청화당,비컨홀딩스(주),2,782638000,251050000,0,1,0
2025,중식,20,댄싱홍콩,위캔컴퍼니(Wecancompany),2,773973000,95950000,1,0,0
2025,중식,21,마라섬,(주)테르에프앤비,16,766154000,53050000,7,0,0
2025,중식,22,조기종의 향미각,(주)향미푸드,5,757184000,132100000,5,0,0
2025,중식,23,홍콩반점0410,(주)더본코리아,293,739394000,103614000,18,7,0
2025,중식,24,샹츠마라,(주)엑스씨글로벌홀딩스,35,728124000,57550000,12,0,1
2025,중식,25,차알(Cha’R),차알(주),13,723137000,133700000,10,3,0
2025,중식,26,미친양꼬치,미친양꼬치,1,718875000,136000000,1,0,0
2025,중식,27,춘리마라탕,(주)씨엘케이에프앤비,202,697603000,93140000,30,2,6
2025,중식,28,발재반점,(주)늘솜,1,661269000,283800000,0,0,0
2025,중식,29,이비가짬뽕,(주)이비가푸드,132,658591000,120500000,10,12,0
2025,중식,30,짬뽕9단,푸드스토리,2,637681000,95755000,0,0,0
2025,서양식,1,더몰트하우스,(주)더몰트하우스컴퍼니,6,1498867000,189750000,1,0,0
2025,서양식,2,코지하우스,(주)코지하우스코리아,45,1014769000,141400000,14,2,0
2025,서양식,3,파스타예요,(주)포엠에프앤비,44,945477000,23538000,31,0,0
2025,서양식,4,문화식당,(주)문화식당,2,934900000,30000000,0,0,0
2025,서양식,5,라브리크,(주)버진에프엔비,3,918555000,196600000,1,0,0
2025,서양식,6,돈까스클럽,(주)일승식품,28,915014000,209900000,0,5,0
2025,서양식,7,그로어스,에스엠에스엠(주),4,876852000,174600000,1,0,0
2025,서양식,8,미즈컨테이너,(주)에스앤에스코퍼레이션,2,805784000,171450000,0,0,0
2025,서양식,9,뽁식당,(주)열정,11,805002000,172900000,5,0,0
2025,서양식,10,알라보(allavo),알라보(주),5,793996000,180500000,0,1,0
2025,서양식,11,까사피에스타,까사피에스타송파점,1,792591000,61400000,0,0,0
2025,서양식,12,이태리국시,㈜씨에스씨에프앤비,2,771896000,670000000,1,0,0
2025,서양식,13,브런치빈,(주)91컴퍼니,58,761040000,292000000,7,1,3
2025,서양식,14,브런치가든,서가김푸드FC,4,734085000,117200000,2,1,0
2025,서양식,15,덕수파스타 패스트캐쥬얼,(주)씨피알프로젝트,23,729905000,87700000,15,0,0
2025,서양식,16,홍익돈까스,(주)홍익,88,718530000,199470000,3,0,3
2025,서양식,17,스테이크의 정석,(주)시소,3,711571000,138000000,0,0,0
2025,서양식,18,투파인드피터,(주)웨이브,32,665780000,275060000,3,2,1
2025,서양식,19,올리앤(Ollien),(주)올앤컴퍼니,31,665719000,225200000,2,3,0
2025,서양식,20,낭만장사꾼,낭만장사꾼,10,657532000,99000000,0,1,0
2025,서양식,21,롤링파스타,(주)더본코리아,130,644232000,117458000,10,6,0
2025,서양식,22,오지테이블,(주)스토리에프씨,2,603263000,272300000,2,0,0
2025,서양식,23,성북돈까스,(주)유니벅스,4,602086000,188150000,3,0,0
2025,서양식,24,서가앤쿡,(주)에스앤에스컴퍼니,43,601409000,201150000,1,6,0
2025,서양식,25,어흥식당,엠쏘씨케이(주),2,575864000,91350000,1,0,0
2025,서양식,26,카츠헤세드,헤세드(주),4,552395000,112000000,3,0,0
2025,서양식,27,파스타한끼,파스타한끼노원본점,1,532500000,36100000,0,0,0
2025,서양식,28,어니스트식스티(HONEST 6T),어니스트프로젝트,3,497607000,91310000,2,0,0
2025,서양식,29,파앤피파스타하우스,파앤피파스타하우스,3,491772000,63500000,1,1,0
2025,서양식,30,사생활,(주)화합과전진,12,491497000,143800000,0,0,0
2025,제과제빵,1,윤쉐프 정직한제빵소,(주)정미작소,1,1359753000,588550000,0,1,0
2025,제과제빵,2,밀키샵,어반바이트(주),7,1090371000,140700000,3,3,0
2025,제과제빵,3,프랑제리,(주)이랜드이츠,10,1062988000,197300000,0,2,0
2025,제과제빵,4,더 베이커스 가든(The Baker's Garden),(주)올앤컴퍼니,1,896260000,676300000,0,0,0
2025,제과제빵,5,해월당,(주)해와달에프앤비,9,863490000,366900000,4,0,0
2025,제과제빵,6,빵쌤(BBANGSSAEM),(주)빵쌤플러스,12,850553000,291000000,6,0,4
2025,제과제빵,7,아우어베이커리(OUR Bakery),(주)플레이에프앤비,16,838203000,359900000,9,0,0
2025,제과제빵,8,빽다방빵연구소,(주)더본코리아,18,830924000,252913000,4,1,0
2025,제과제빵,9,WOO'Z,우즈(주),13,803888000,450800000,2,0,0
2025,제과제빵,10,카페드리옹,"(주)알앤비푸드테크(R&BFoodTechco.,Ltd.)",4,787359000,164440000,0,0,0
2025,제과제빵,11,올드페리도넛,(주)올드페리도넛,10,771178000,708500000,4,0,1
2025,제과제빵,12,삼송빵집,(주)삼송비엔씨(BNC),31,769320000,65380000,9,2,0
2025,제과제빵,13,도나스데이,미스앤미스터(주),4,732859000,182413000,3,0,0
2025,제과제빵,14,파리바게뜨,(주)파리크라상,3327,705571000,280600000,52,89,25
2025,제과제빵,15,화이트리에,(주)화이트리에,62,690346000,156469000,42,1,0
2025,제과제빵,16,가드니아,(주)가드니아,5,659036000,730000000,1,0,1
2025,제과제빵,17,스토리오브라망,라망코리아㈜,5,645617000,154900000,4,0,0
2025,제과제빵,18,롤링핀,(주)롤링핀컴퍼니,38,609871000,311950000,3,9,0
2025,제과제빵,19,쟈빠따,(주)피쉐프코리아,3,598329000,183500000,2,0,0
2025,제과제빵,20,곤트란쉐리에(Gontran Cherrier),(주)르미디,24,588614000,312500000,9,4,0
2025,제과제빵,21,웨인스베이글스(Wayne’s Bagels),웨인스홀딩스(주),3,582121000,120000000,2,1,0
2025,제과제빵,22,마호가니,(주)도레도레,2,580399000,214410000,0,0,0
2025,제과제빵,23,뚜레쥬르,씨제이푸드빌(주),1307,579594000,353750000,76,14,62
2025,제과제빵,24,아방+베이커리,(주)아방가르드,6,559760000,47400000,5,0,0
2025,제과제빵,25,홍미당,(주)에이블비즈,3,555000000,224200000,1,1,0
2025,제과제빵,26,테디스베이글(Teddy's Bagel),(주)앤서니그룹,1,513084000,116280000,1,0,0
2025,제과제빵,27,크리스피크림,롯데지알에스(주),53,472920000,55986000,0,1,0
2025,제과제빵,28,한스(HANS),(주)한스제과,40,457088000,327400000,0,0,1
2025,제과제빵,29,핫브레드,(주)에이치비푸드,22,446930000,178200000,6,0,3
2025,제과제빵,30,우스블랑,(주)베어하우스,2,441624000,338000000,2,0,0
2025,기타 외국식,1,화담원,(주)후레쉬에이치디,5,1344362000,454916000,2,0,0
2025,기타 외국식,2,능두네,(주)크레센도에프앤비,5,1162500000,174950000,3,0,0
2025,기타 외국식,3,유생촌,(주)유생촌푸드,12,1131670000,428900000,4,0,1
2025,기타 외국식,4,어밤부(abamboo),(주)에이비비,2,967646000,218900000,0,0,0
2025,기타 외국식,5,번패티번,(주)엠브이다이닝,6,848658000,299619000,1,1,0
2025,기타 외국식,6,나나방콕 (NANA BANGKOK) ,(주)나나에프엔비,5,811891000,129300000,4,0,0
2025,기타 외국식,7,생어거스틴,(주)늘솜,12,774317000,184250000,1,4,0
2025,기타 외국식,8,레몬그라스 타이,(주)세연에프엔씨,10,739258000,143300000,4,0,1
2025,기타 외국식,9,옥소반,(주)옥소반,22,722340000,146375000,6,1,0
2025,기타 외국식,10,반포식스,(주)테이스티컴퍼니,30,719648000,185400000,2,1,0
2025,기타 외국식,11,분짜하노이,분짜하노이수원본점,2,704102000,115000000,2,0,0
2025,기타 외국식,12,몬안베띠,(주)엘앤케이푸드,3,682590000,80550000,3,0,0
2025,기타 외국식,13,메콩타이,(주)메콩타이컴퍼니,26,613340000,135215000,0,1,1
2025,기타 외국식,14,카쿠레가,(주)맛부심에프엔비,10,587007000,132000000,2,1,0
2025,기타 외국식,15,올드타운,(주)플랜지스테이션,1,586257000,220600000,0,0,0
2025,기타 외국식,16,호앙비엣,네버슬립(주),13,580565000,56150000,13,0,0
2025,기타 외국식,17,소이연남,(주)타이이펙트,11,574008000,206800000,3,1,0
2025,기타 외국식,18,일공공샤브&편백찜,(주)일공공코리아,43,542416000,185400000,6,10,0
2025,기타 외국식,19,월남면반,(주)동행에프앤비코리아,10,529115000,114500000,3,0,0
2025,기타 외국식,20,분타(BUNTA),세발자전거(주),2,523430000,89700000,2,0,0
2025,기타 외국식,21,"포레스트 오늘, 숲[soup]",(주)에이원더블유,18,510231000,130900000,4,1,0
2025,기타 외국식,22,띤띤,(주)띤띤,3,503888000,167250000,1,0,0
2025,기타 외국식,23,벤탄빌라,(주)마이포에프앤비,17,501397000,128080000,2,0,0
2025,기타 외국식,24,꾸아(Qua),(주)찹찹푸드,31,501040000,93000000,11,3,0
2025,기타 외국식,25,퍼틴(phothin),(주)퍼틴코리아,12,496371000,88750000,1,3,0
2025,기타 외국식,26,타이반쩜,(주)엔조이서울,18,487325000,58700000,0,0,0
2025,기타 외국식,27,포케올데이,(주)네오에프엔비,135,480695000,103500000,27,7,0
2025,기타 외국식,28,까몬(CAMO’N),(주)훈훈,45,480564000,100120000,11,1,0
2025,기타 외국식,29,분짜라붐,(주)별동부대,4,478577000,175000000,0,0,0
2025,기타 외국식,30,중화카츠,(주)썬스키친,2,474343000,87250000,0,0,0
2025,치킨,1,아리랑88통닭,(주)영맨,2,1112645000,197500000,2,0,0
2025,치킨,2,천년닭강정,(주)그남자네식품,30,790819000,48100000,30,0,0
2025,치킨,3,베이직프라이드치킨,조이유통(주),1,772193000,102430000,0,0,0
2025,치킨,4,도른계,(주)대한푸드,4,771038000,86900000,2,0,1
2025,치킨,5,교촌치킨,교촌에프앤비(주),1361,727264000,130491000,12,28,0
2025,치킨,6,치맥킹,(주)씨엠케이푸드,16,643190000,175500000,2,0,0
2025,치킨,7,청년치킨,(주)청년치킨,45,609694000,57700000,8,4,0
2025,치킨,8,사바사바치킨&비어,(주)마세다린,4,579773000,50800000,0,0,0
2025,치킨,9,삼덕통닭,(주)삼덕,29,578657000,124130000,10,0,0
2025,치킨,10,야채전문통닭,야채통닭가맹본부,5,570667000,45550000,2,0,0
2025,치킨,11,비에이치씨(BHC),다이닝브랜즈그룹(주),2228,529724000,90027000,92,4,136
2025,치킨,12,다사랑,(주)다사랑,107,529385000,93560000,5,4,0
2025,치킨,13,후라이드 참 잘하는집,(주)티엔엔터테인먼트,280,525842000,48500000,7,0,4
2025,치킨,14,남문통닭,㈜남문이터테인먼트,5,520039000,108000000,2,2,2
2025,치킨,15,오빠통닭,(주)오빠통닭,18,511062000,35546000,5,0,0
2025,치킨,16,비비큐(BBQ),(주)제너시스비비큐,2316,508791000,90789000,216,0,149
2025,치킨,17,굽네치킨,(주)지앤푸드,1154,498677000,83270000,69,3,30
2025,치킨,18,왕초바베큐,(주)모다플레이스,13,486589000,79970000,13,0,0
2025,치킨,19,갓튀긴후라이드,(주)갓에프엔비,105,486476000,34550000,25,5,0
2025,치킨,20,매드후라이치킨,(주)에스씨에프,9,482385000,67760000,0,1,0
2025,치킨,21,지랄닭발,(주)더기푸드,32,468764000,58300000,5,0,5
2025,치킨,22,후켄통통치킨,(주)후켄,21,466950000,85680000,22,1,0
2025,치킨,23,김종구식맛치킨ㆍ 전기바베큐 옛날통닭,㈜김종구참푸드,121,463790000,64900000,48,14,8
2025,치킨,24,아웃닭,(주)테즈,57,461546000,101400000,5,0,8
2025,치킨,25,60계,(주)장스푸드,665,453825000,73900000,16,11,0
2025,치킨,26,깐부치킨,(주)깐부,152,453094000,151100000,2,19,0
2025,치킨,27,푸라닭,(주)아이더스에프앤비,715,450859000,7700000,28,17,10
2025,치킨,28,닭가대표,(주)비엠에프앤비,12,449707000,85400000,5,3,0
2025,치킨,29,누구나홀딱반한닭,(주)티앤비코리아,260,441612000,81136000,34,13,4
2025,치킨,30,구도로통닭,(주)구도로,76,430526000,115523000,8,28,0
2025,분식,1,싸다김밥,(주)참에프앤디,97,862037000,102000000,17,2,0
2025,분식,2,다르다,(주)다르다에프앤비,7,836467000,107215000,2,0,0
2025,분식,3,대손관,(주)대대손손,11,794090000,174000000,1,0,0
2025,분식,4,사담손만두,(주)다온에프엔비,3,755508000,181679000,0,0,0
2025,분식,5,분식을 품다,(주)품다,12,740850000,82500000,9,2,0
2025,분식,6,최배달 떡순튀,(주)최배달,43,709376000,32131000,2,6,0
2025,분식,7,김바라김밥,브랜뉴(주),6,693668000,65800000,1,0,0
2025,분식,8,스쿨푸드,(주)에스에프이노베이션,62,691222000,191300000,4,10,0
2025,분식,9,정동뚝배기,(주)갑원에프에스,2,681168000,83800000,0,0,0
2025,분식,10,마녀김밥,(주)멘토푸디즘,46,645002000,127100000,5,0,3
2025,분식,11,돈페,히노아스카(주),4,637091000,270260000,0,0,0
2025,분식,12,아담's 꼬마김밥,(주)아담스푸드앤로지스틱스,16,632497000,93846000,4,7,0
2025,분식,13,오공김밥,(주)푸드스팟,21,625178000,69490000,17,0,0
2025,분식,14,진심왕돈까스,히노아스카(주),20,607255000,175880000,14,0,0
2025,분식,15,또보겠지떡볶이집,(주)행복만석,10,591828000,26000000,0,0,0
2025,분식,16,김밥장수,(주)더스토리,3,585859000,99020000,0,0,0
2025,분식,17,다리집,(주)남천다리집,1,559231000,77380000,0,0,0
2025,분식,18,음매점,(주)유엠제이,8,555047000,71200000,8,0,0
2025,분식,19,신의한국수,신의한국수,20,548297000,74500000,6,0,0
2025,분식,20,마성면우동리,(주)마성,4,546794000,89200000,0,0,0
2025,분식,21,키토분식,(주)찰스푸드,2,546303000,61960000,0,1,0
2025,분식,22,면앤면추억의가락국수,(주)갑원에프에스,1,533093000,83800000,0,0,0
2025,분식,23,허세김밥,허세김밥,12,519734000,57110000,8,0,0
2025,분식,24,무등왕돈까스,(유)더루트,6,509905000,106200000,4,0,0
2025,분식,25,분식호랑,(주)디디다컴퍼니,2,503150000,89100000,0,3,0
2025,분식,26,방배김밥,(주)이쉐프코리아,10,482137000,39303000,3,0,0
2025,분식,27,우림칼국수,우림푸드,18,459518000,30820000,3,0,0
2025,분식,28,본만두,본푸드,18,454615000,80500000,6,3,0
2025,분식,29,대림국수,(주)에이알피그룹,10,451549000,121040000,2,11,0
2025,분식,30,두끼,(주)다른,244,441021000,189800000,16,7,0
2025,아이스크림/빙수 ,1,카페요아정,(주)요아정,372,623918000,53300000,358,0,1
2025,아이스크림/빙수 ,2,배스킨라빈스,비알코리아(주),1706,526025000,278950000,44,23,2
2025,아이스크림/빙수 ,3,요거트아이스크림의 정석,(주)요아정,187,426842000,53300000,54,7,26
2025,아이스크림/빙수 ,4,설빙,(주)설빙,576,420984000,216127000,28,12,0
2025,아이스크림/빙수 ,5,타래퀸,"2000에프앤비(주)(2000F&BCo.,Ltd)",17,353641000,81300000,6,1,0
2025,아이스크림/빙수 ,6,밀탑(MEALTOP),(주)씨케이리테일,11,319012000,134800000,3,0,4
2025,아이스크림/빙수 ,7,하겐다즈,한국하겐-다즈(주),5,309726000,346728000,0,2,0
2025,아이스크림/빙수 ,8,브알라,(주)브알라,11,274290000,203770000,3,2,0
2025,아이스크림/빙수 ,9,허니홈비,허니라이프,14,259602000,105260000,3,2,0
2025,아이스크림/빙수 ,10,입술에 설렌다 빙수당,먹스타브라더스,32,257076000,80000000,22,0,0
2025,아이스크림/빙수 ,11,아가젤라또(a.ga gelato),(주)엘엔제이,3,240358000,89700000,2,0,0
2025,아이스크림/빙수 ,12,달롱도르요거트아이스크림,(주)화이트빌,84,237691000,52600000,81,2,0
2025,아이스크림/빙수 ,13,과일담은 요거트 맛집 요맛,더히얼컴퍼니,65,207471000,49400000,47,7,1
2025,아이스크림/빙수 ,14,인대구빙수 ,대구빙수,1,206921000,74190000,1,0,0
2025,아이스크림/빙수 ,15,밀키(milky),(주)트리플제이홀딩스,3,202924000,195800000,1,0,0
2025,아이스크림/빙수 ,16,지파시,(주)빨라쪼,9,191702000,131250000,1,0,2
2025,아이스크림/빙수 ,17,쿠크봉,(주)엔디알엑스,9,184457000,161800000,0,0,0
2025,아이스크림/빙수 ,18,바오빙,(주)바오빙,2,176851000,138000000,0,0,0
2025,아이스크림/빙수 ,19,나뚜루,롯데웰푸드(주),19,166628000,190810000,0,6,0
2025,아이스크림/빙수 ,20,사실빙,(주)포포스컴퍼니,8,157696000,107200000,8,0,0
2025,아이스크림/빙수 ,21,눈을담다 앤 요거트를담다,눈을담다(눈담),8,154089000,13330000,5,0,0
2025,아이스크림/빙수 ,22,빨라쪼 델 프레도,(주)빨라쪼,15,152332000,98700000,1,1,0
2025,아이스크림/빙수 ,23,솔리드웍스아이스크림,솔리드웍스,4,143446000,87650000,1,1,0
2025,아이스크림/빙수 ,24,달콤스토어,블리스에프앤피,4,132500000,34600000,1,6,0
2025,아이스크림/빙수 ,25,빙달,(주)빙달,35,124842000,43140000,6,5,2
2025,아이스크림/빙수 ,26,젤라또로플,젤라또로플,8,117397000,44000000,2,0,7
2025,아이스크림/빙수 ,27,빙수를품은달인(빙품달),(주)유니큐랩,43,106467000,59386000,11,1,3
2025,아이스크림/빙수 ,28,페르케노,(주)이랜드이츠,10,88532000,71600000,1,0,0
2025,아이스크림/빙수 ,29,아이스맨즈(ICE MAN'S),아이스맨즈아이스크림할인점낙민본점,22,77615000,23430000,4,0,1
2025,아이스크림/빙수 ,30,어더아사,(주)더블유제이코퍼레이션,17,59476000,29900000,17,0,0
2025,음료 (커피 외),1,잠바주스,(주)빅바이트컴퍼니,12,469599000,151050000,4,0,0
2025,음료 (커피 외),2,세이프룻(Safe_Fruit),(주)새힘프레시,8,387304000,63500000,3,0,0
2025,음료 (커피 외),3,과일에반하다.프루타,(주)홀릭코퍼레이션,48,324340000,40314000,8,22,0
2025,음료 (커피 외),4,읍천리 382,㈜원팀,188,316189000,101800000,19,0,4
2025,음료 (커피 외),5,흑화당,(주)우남에프앤씨,2,307236000,76040000,0,3,0
2025,음료 (커피 외),6,공차,(주)공차코리아,836,271730000,150800000,61,59,0
2025,음료 (커피 외),7,클로리스(CHLORIS),(주)클로리스,4,260175000,250300000,1,0,0
2025,음료 (커피 외),8,요거트맨,컴퍼니맨(주),7,255019000,72300000,0,2,0
2025,음료 (커피 외),9,탑브릭스 (TOP BRIX),탑브릭스(TOPBRIX),10,245177000,62400000,3,3,3
2025,음료 (커피 외),10,프루쉬,프루쉬푸드,5,244626000,69900000,1,0,0
2025,음료 (커피 외),11,주디마리,(주)주디마리,1,236464000,110310000,0,0,0
2025,음료 (커피 외),12,제주스,(주)제주스,39,236023000,136300000,7,0,2
2025,음료 (커피 외),13,오늘도빙수,오늘도빙수본점,39,233590000,55900000,21,1,0
2025,음료 (커피 외),14,"ONCE, TIME OFF",공소,4,223226000,120700000,1,0,0
2025,음료 (커피 외),15,트로피티아일랜드,(주)올에프앤비,17,217200000,81090000,13,1,0
2025,음료 (커피 외),16,페이브(fave),(주)지에프앤비,11,197705000,141800000,1,7,0
2025,음료 (커피 외),17,카페베네,(주)카페베네,96,192436000,175500000,0,23,0
2025,음료 (커피 외),18,과일욤,과일욤,6,189251000,48650000,5,0,0
2025,음료 (커피 외),19,요거트퍼플,에이앤디(AND),51,187534000,55380000,52,1,0
2025,음료 (커피 외),20,아마스빈코리아,(주)스토어하우스,60,180089000,66600000,5,17,0
2025,음료 (커피 외),21,마이쥬스,(주)마이에프앤비,6,178705000,113050000,1,1,0
2025,음료 (커피 외),22,고망고,(주)프로젝트비,68,177226000,75800000,28,6,8
2025,음료 (커피 외),23,타이거슈가(TIGER SUGAR),(주)타이거슈가코리아,3,174949000,97800000,0,3,0
2025,음료 (커피 외),24,이루팜,이루팜,9,173822000,50050000,1,0,0
2025,음료 (커피 외),25,차이(CHAI),(주)폴제이코퍼레이션,24,172122000,91900000,6,2,0
2025,음료 (커피 외),26,동양찻집,(주)동양찻집,2,169577000,12000000,1,0,0
2025,음료 (커피 외),27,카페그리닝,(주)지알엔푸드코리아(GRNFOODKOREAInc.),13,158828000,64480000,2,4,0
2025,음료 (커피 외),28,매스커피,(주)매스컴퍼니,37,151578000,76800000,2,1,1
2025,음료 (커피 외),29,호이차,(주)유후컴퍼니,4,147126000,74030000,0,2,0
2025,음료 (커피 외),30,오가다,(주)오가다,27,142483000,142100000,0,5,0
